{
  "test/integration/opaTests.qunit.html": 1726940770237,
  "test/integration/opaTests.qunit.js": 1726940770237,
  "test/integration/pages/IncidentsList.js": 1726940770257,
  "test/integration/pages/IncidentsObjectPage.js": 1726940770257,
  "test/integration/FirstJourney.js": 1726940770277,
  "test/testsuite.qunit.js": 1726940770221,
  "xs-app.json": 1726947570517,
  "manifest.json": 1726945641907,
  "Component.js": 1726940770141,
  "test/integration/FirstJourney-dbg.js": 1726940770277,
  "test/integration/FirstJourney.js.map": 1726947576571,
  "test/integration/pages/IncidentsList-dbg.js": 1726940770257,
  "test/integration/pages/IncidentsList.js.map": 1726947576573,
  "test/integration/pages/IncidentsObjectPage-dbg.js": 1726940770257,
  "test/integration/pages/IncidentsObjectPage.js.map": 1726947576574,
  "test/integration/opaTests.qunit-dbg.js": 1726940770237,
  "test/integration/opaTests.qunit.js.map": 1726947576572,
  "test/testsuite.qunit-dbg.js": 1726940770221,
  "test/testsuite.qunit.js.map": 1726947576573,
  "Component-dbg.js": 1726940770141,
  "Component.js.map": 1726947576573,
  "Component-preload.js": 1726947576633,
  "Component-preload.js.map": 1726947576633,
  "i18n/i18n.properties": 1726940780733,
  "test/testsuite.qunit.html": 1726940770205,
  "test/flpSandbox.html": 1726940770205,
  "index.html": 1726940770141
}